"R[hԍ","ڋq","","SҖ","TEL","[AhX","X֔ԍ","Z"
"20","ѓc","\[VcƃO[v","X ","090-~~~~-~~~~","mori_jun@example.com","3300041","ʌYas~~~~"
"19","dq","o","i ܗ","090-~~~~-~~~~","suenaga_yuri@example.com","2500001","_ސ쌧cs~~~~"
"18","VRY","cƖ{cƕ","q ^","090-~~~~-~~~~","kaneko_maho@example.com","5300001","{sk~c~~~~"
"17","≺ŗm","VXe","X ","090-~~~~-~~~~","sasaki_juri@example.com","6540001","Ɍ_ˎs{~~~~"
"16","菤","\[VcƃO[v","c ","090-~~~~-~~~~","kiyota_seiichi@example.com","1660001","s~~~~"
"15","g","","c ","090-~~~~-~~~~","harada_chiemi@example.com","6000001","s{ss~~~~"
"14","ؓyn","cƕ","đ mG","090-~~~~-~~~~","yonezawa_sachie@example.com","2500001","_ސ쌧cs~~~~"
"13","ЈZ","VXe","g ","090-~~~~-~~~~","yoshizawa_shidou@example.com","4130001","ÉMCs~~~~"
"12","ԌލH","cƕ"," ","090-~~~~-~~~~","ozaki_takahiro@example.com","3200001","Ȗ،Fs{s~~~~"
"11","tR[Z^[",""," LC","090-~~~~-~~~~","matsuno_ami@example.com","3200001","Ȗ،Fs{s~~~~"
"10","˖{\tgEFA","J{"," F","090-~~~~-~~~~","iwasawa_tomoya@example.com","1660001","s~~~~"
"9","~^VXeY","\[VcƃO[v","O E","090-~~~~-~~~~","maehara_yuu@example.com","6540001","Ɍ_ˎs{~~~~"
"8","ی","","J ܂Ȃ","090-~~~~-~~~~","mizutani_manami@example.com","9500001","VVs~~~~"
"7","LЋTR","o"," TY","090-~~~~-~~~~","ueno_yuujirou@example.com","5300001","{sk~c~~~~"
"6","@","cƕ"," ","090-~~~~-~~~~","hoshino_nagatoshi@example.com","3700001","QnOs~~~~"
"5","rcw@w","VXe"," ","090-~~~~-~~~~","kodera_juri@example.com","2500001","_ސ쌧cs~~~~"
"4","ВH","cƕ","˒ q","042-~~~~-~~~~","toduka_riko@example.com","4130001","ÉMCs~~~~"
"3","c[Hi","","z ","050-~~~~-~~~~","kawagoe_kenichi@example.com","3300041","ʌYas~~~~"
"2","˓clbg\[VY","J{"," j","092-~~~~-~~~~","kawasaki_takeshi@example.com","3200001","Ȗ،Fs{s~~~~"
"1","s^","VXe","R Bm","090-~~~~-~~~~","shimoyama_tatsuhito@example.com","5010001","򕌌򕌎s~~~~"
